State,Forecast_Week,Date,Predicted_Sales,Best_Model,MAPE_pct
Alabama,1,2026-05-10,254098633.76,Prophet,18.07
Alabama,2,2026-05-17,242507325.35,Prophet,18.07
Alabama,3,2026-05-24,274511475.43,Prophet,18.07
Alabama,4,2026-05-31,326962475.63,Prophet,18.07
Alabama,5,2026-06-07,350425919.46,Prophet,18.07
Alabama,6,2026-06-14,321180749.62,Prophet,18.07
Alabama,7,2026-06-21,266531811.08,Prophet,18.07
Alabama,8,2026-06-28,235174066.89,Prophet,18.07
Arizona,1,2026-05-10,280189590.52,Prophet,16.04
Arizona,2,2026-05-17,271061246.97,Prophet,16.04
Arizona,3,2026-05-24,311446891.27,Prophet,16.04
Arizona,4,2026-05-31,373202946.0,Prophet,16.04
Arizona,5,2026-06-07,399562113.93,Prophet,16.04
Arizona,6,2026-06-14,364629150.03,Prophet,16.04
Arizona,7,2026-06-21,301178326.19,Prophet,16.04
Arizona,8,2026-06-28,265453514.72,Prophet,16.04
Arkansas,1,2026-05-10,144578848.0,XGBoost,21.04
Arkansas,2,2026-05-17,141708160.0,XGBoost,21.04
Arkansas,3,2026-05-24,144318208.0,XGBoost,21.04
Arkansas,4,2026-05-31,162241152.0,XGBoost,21.04
Arkansas,5,2026-06-07,167167392.0,XGBoost,21.04
Arkansas,6,2026-06-14,147289616.0,XGBoost,21.04
Arkansas,7,2026-06-21,144215744.0,XGBoost,21.04
Arkansas,8,2026-06-28,137100112.0,XGBoost,21.04
California,1,2026-05-10,1057904587.84,Prophet,19.45
California,2,2026-05-17,1018646479.72,Prophet,19.45
California,3,2026-05-24,1169050430.5,Prophet,19.45
California,4,2026-05-31,1398765296.63,Prophet,19.45
California,5,2026-06-07,1491043648.22,Prophet,19.45
California,6,2026-06-14,1352251317.01,Prophet,19.45
California,7,2026-06-21,1112409175.83,Prophet,19.45
California,8,2026-06-28,983878448.8,Prophet,19.45
Colorado,1,2026-05-10,213429615.51,Prophet,18.31
Colorado,2,2026-05-17,204525964.4,Prophet,18.31
Colorado,3,2026-05-24,236846112.93,Prophet,18.31
Colorado,4,2026-05-31,286636758.76,Prophet,18.31
Colorado,5,2026-06-07,307144141.69,Prophet,18.31
Colorado,6,2026-06-14,278475041.06,Prophet,18.31
Colorado,7,2026-06-21,229254835.78,Prophet,18.31
Colorado,8,2026-06-28,205388169.74,Prophet,18.31
Connecticut,1,2026-05-10,118743912.0,XGBoost,15.35
Connecticut,2,2026-05-17,120297216.0,XGBoost,15.35
Connecticut,3,2026-05-24,116441672.0,XGBoost,15.35
Connecticut,4,2026-05-31,124221576.0,XGBoost,15.35
Connecticut,5,2026-06-07,117155952.0,XGBoost,15.35
Connecticut,6,2026-06-14,106961472.0,XGBoost,15.35
Connecticut,7,2026-06-21,99603480.0,XGBoost,15.35
Connecticut,8,2026-06-28,98625048.0,XGBoost,15.35
Florida,1,2026-05-10,988058368.0,XGBoost,16.83
Florida,2,2026-05-17,972334784.0,XGBoost,16.83
Florida,3,2026-05-24,858869504.0,XGBoost,16.83
Florida,4,2026-05-31,869285248.0,XGBoost,16.83
Florida,5,2026-06-07,886440640.0,XGBoost,16.83
Florida,6,2026-06-14,933918784.0,XGBoost,16.83
Florida,7,2026-06-21,928982272.0,XGBoost,16.83
Florida,8,2026-06-28,919516288.0,XGBoost,16.83
Georgia,1,2026-05-10,463924730.03,Prophet,18.36
Georgia,2,2026-05-17,445468917.48,Prophet,18.36
Georgia,3,2026-05-24,505963091.25,Prophet,18.36
Georgia,4,2026-05-31,603123703.98,Prophet,18.36
Georgia,5,2026-06-07,646906040.07,Prophet,18.36
Georgia,6,2026-06-14,593651234.69,Prophet,18.36
Georgia,7,2026-06-21,492722284.82,Prophet,18.36
Georgia,8,2026-06-28,433584563.22,Prophet,18.36
Illinois,1,2026-05-10,395405920.0,XGBoost,22.15
Illinois,2,2026-05-17,398374976.0,XGBoost,22.15
Illinois,3,2026-05-24,411802144.0,XGBoost,22.15
Illinois,4,2026-05-31,440208448.0,XGBoost,22.15
Illinois,5,2026-06-07,414181312.0,XGBoost,22.15
Illinois,6,2026-06-14,385005792.0,XGBoost,22.15
Illinois,7,2026-06-21,399457056.0,XGBoost,22.15
Illinois,8,2026-06-28,388387776.0,XGBoost,22.15
Indiana,1,2026-05-10,296848416.0,XGBoost,19.69
Indiana,2,2026-05-17,301144832.0,XGBoost,19.69
Indiana,3,2026-05-24,302842528.0,XGBoost,19.69
Indiana,4,2026-05-31,299278784.0,XGBoost,19.69
Indiana,5,2026-06-07,306042016.0,XGBoost,19.69
Indiana,6,2026-06-14,273374912.0,XGBoost,19.69
Indiana,7,2026-06-21,267255776.0,XGBoost,19.69
Indiana,8,2026-06-28,256132592.0,XGBoost,19.69
Iowa,1,2026-05-10,153573856.0,XGBoost,13.26
Iowa,2,2026-05-17,169775856.0,XGBoost,13.26
Iowa,3,2026-05-24,170133008.0,XGBoost,13.26
Iowa,4,2026-05-31,175659408.0,XGBoost,13.26
Iowa,5,2026-06-07,165174208.0,XGBoost,13.26
Iowa,6,2026-06-14,153688704.0,XGBoost,13.26
Iowa,7,2026-06-21,154424432.0,XGBoost,13.26
Iowa,8,2026-06-28,148075904.0,XGBoost,13.26
Kansas,1,2026-05-10,117796264.0,XGBoost,16.24
Kansas,2,2026-05-17,112264784.0,XGBoost,16.24
Kansas,3,2026-05-24,115558720.0,XGBoost,16.24
Kansas,4,2026-05-31,127936216.0,XGBoost,16.24
Kansas,5,2026-06-07,125331528.0,XGBoost,16.24
Kansas,6,2026-06-14,120769848.0,XGBoost,16.24
Kansas,7,2026-06-21,121810496.0,XGBoost,16.24
Kansas,8,2026-06-28,119955680.0,XGBoost,16.24
Kentucky,1,2026-05-10,232987184.0,XGBoost,21.19
Kentucky,2,2026-05-17,232524128.0,XGBoost,21.19
Kentucky,3,2026-05-24,230950272.0,XGBoost,21.19
Kentucky,4,2026-05-31,230884960.0,XGBoost,21.19
Kentucky,5,2026-06-07,240243744.0,XGBoost,21.19
Kentucky,6,2026-06-14,218160336.0,XGBoost,21.19
Kentucky,7,2026-06-21,221045376.0,XGBoost,21.19
Kentucky,8,2026-06-28,221387776.0,XGBoost,21.19
Louisiana,1,2026-05-10,221798542.08,Prophet,20.64
Louisiana,2,2026-05-17,211219128.35,Prophet,20.64
Louisiana,3,2026-05-24,239905086.83,Prophet,20.64
Louisiana,4,2026-05-31,286742003.32,Prophet,20.64
Louisiana,5,2026-06-07,306938786.31,Prophet,20.64
Louisiana,6,2026-06-14,279467503.19,Prophet,20.64
Louisiana,7,2026-06-21,229705418.68,Prophet,20.64
Louisiana,8,2026-06-28,201917465.65,Prophet,20.64
Maine,1,2026-05-10,67621240.0,XGBoost,19.9
Maine,2,2026-05-17,59040396.0,XGBoost,19.9
Maine,3,2026-05-24,58457140.0,XGBoost,19.9
Maine,4,2026-05-31,63246536.0,XGBoost,19.9
Maine,5,2026-06-07,66090064.0,XGBoost,19.9
Maine,6,2026-06-14,55567276.0,XGBoost,19.9
Maine,7,2026-06-21,52270936.0,XGBoost,19.9
Maine,8,2026-06-28,52093792.0,XGBoost,19.9
Maryland,1,2026-05-10,217837728.0,XGBoost,15.04
Maryland,2,2026-05-17,215295408.0,XGBoost,15.04
Maryland,3,2026-05-24,212596336.0,XGBoost,15.04
Maryland,4,2026-05-31,225172576.0,XGBoost,15.04
Maryland,5,2026-06-07,241796416.0,XGBoost,15.04
Maryland,6,2026-06-14,214926592.0,XGBoost,15.04
Maryland,7,2026-06-21,214816448.0,XGBoost,15.04
Maryland,8,2026-06-28,207773744.0,XGBoost,15.04
Massachusetts,1,2026-05-10,222878972.01,Prophet,18.84
Massachusetts,2,2026-05-17,211250129.1,Prophet,18.84
Massachusetts,3,2026-05-24,242210260.8,Prophet,18.84
Massachusetts,4,2026-05-31,294251820.64,Prophet,18.84
Massachusetts,5,2026-06-07,319244688.98,Prophet,18.84
Massachusetts,6,2026-06-14,293357337.71,Prophet,18.84
Massachusetts,7,2026-06-21,242816700.05,Prophet,18.84
Massachusetts,8,2026-06-28,215275360.39,Prophet,18.84
Michigan,1,2026-05-10,396222656.0,XGBoost,19.31
Michigan,2,2026-05-17,392252480.0,XGBoost,19.31
Michigan,3,2026-05-24,438056576.0,XGBoost,19.31
Michigan,4,2026-05-31,405761792.0,XGBoost,19.31
Michigan,5,2026-06-07,411027104.0,XGBoost,19.31
Michigan,6,2026-06-14,357765504.0,XGBoost,19.31
Michigan,7,2026-06-21,365283680.0,XGBoost,19.31
Michigan,8,2026-06-28,373769120.0,XGBoost,19.31
Minnesota,1,2026-05-10,190702747.82,Prophet,16.61
Minnesota,2,2026-05-17,183210533.0,Prophet,16.61
Minnesota,3,2026-05-24,210058532.09,Prophet,16.61
Minnesota,4,2026-05-31,252449481.86,Prophet,16.61
Minnesota,5,2026-06-07,271540143.27,Prophet,16.61
Minnesota,6,2026-06-14,249782660.92,Prophet,16.61
Minnesota,7,2026-06-21,209941540.68,Prophet,16.61
Minnesota,8,2026-06-28,190041701.08,Prophet,16.61
Mississippi,1,2026-05-10,166659072.0,XGBoost,18.92
Mississippi,2,2026-05-17,148666480.0,XGBoost,18.92
Mississippi,3,2026-05-24,148268912.0,XGBoost,18.92
Mississippi,4,2026-05-31,169360016.0,XGBoost,18.92
Mississippi,5,2026-06-07,180731872.0,XGBoost,18.92
Mississippi,6,2026-06-14,155486688.0,XGBoost,18.92
Mississippi,7,2026-06-21,148454816.0,XGBoost,18.92
Mississippi,8,2026-06-28,145291872.0,XGBoost,18.92
Missouri,1,2026-05-10,241021264.0,XGBoost,21.51
Missouri,2,2026-05-17,237895296.0,XGBoost,21.51
Missouri,3,2026-05-24,252332432.0,XGBoost,21.51
Missouri,4,2026-05-31,260773904.0,XGBoost,21.51
Missouri,5,2026-06-07,261517680.0,XGBoost,21.51
Missouri,6,2026-06-14,262501088.0,XGBoost,21.51
Missouri,7,2026-06-21,255937040.0,XGBoost,21.51
Missouri,8,2026-06-28,252441520.0,XGBoost,21.51
Nebraska,1,2026-05-10,81591488.0,XGBoost,14.44
Nebraska,2,2026-05-17,82286288.0,XGBoost,14.44
Nebraska,3,2026-05-24,73943048.0,XGBoost,14.44
Nebraska,4,2026-05-31,82240720.0,XGBoost,14.44
Nebraska,5,2026-06-07,82669296.0,XGBoost,14.44
Nebraska,6,2026-06-14,78918400.0,XGBoost,14.44
Nebraska,7,2026-06-21,76345720.0,XGBoost,14.44
Nebraska,8,2026-06-28,76275128.0,XGBoost,14.44
Nevada,1,2026-05-10,134277840.0,XGBoost,19.41
Nevada,2,2026-05-17,143035984.0,XGBoost,19.41
Nevada,3,2026-05-24,138067808.0,XGBoost,19.41
Nevada,4,2026-05-31,143186064.0,XGBoost,19.41
Nevada,5,2026-06-07,150577056.0,XGBoost,19.41
Nevada,6,2026-06-14,132584736.0,XGBoost,19.41
Nevada,7,2026-06-21,132788760.0,XGBoost,19.41
Nevada,8,2026-06-28,132335984.0,XGBoost,19.41
New Hampshire,1,2026-05-10,71175320.0,XGBoost,18.74
New Hampshire,2,2026-05-17,72250232.0,XGBoost,18.74
New Hampshire,3,2026-05-24,79045496.0,XGBoost,18.74
New Hampshire,4,2026-05-31,80252272.0,XGBoost,18.74
New Hampshire,5,2026-06-07,80177120.0,XGBoost,18.74
New Hampshire,6,2026-06-14,69039608.0,XGBoost,18.74
New Hampshire,7,2026-06-21,67350552.0,XGBoost,18.74
New Hampshire,8,2026-06-28,67252408.0,XGBoost,18.74
New Mexico,1,2026-05-10,96103888.0,XGBoost,16.98
New Mexico,2,2026-05-17,96127696.0,XGBoost,16.98
New Mexico,3,2026-05-24,93863744.0,XGBoost,16.98
New Mexico,4,2026-05-31,102184888.0,XGBoost,16.98
New Mexico,5,2026-06-07,103367072.0,XGBoost,16.98
New Mexico,6,2026-06-14,96538152.0,XGBoost,16.98
New Mexico,7,2026-06-21,96905704.0,XGBoost,16.98
New Mexico,8,2026-06-28,94384328.0,XGBoost,16.98
New York,1,2026-05-10,567113856.0,XGBoost,18.84
New York,2,2026-05-17,554126272.0,XGBoost,18.84
New York,3,2026-05-24,562880960.0,XGBoost,18.84
New York,4,2026-05-31,641046848.0,XGBoost,18.84
New York,5,2026-06-07,608681728.0,XGBoost,18.84
New York,6,2026-06-14,537451264.0,XGBoost,18.84
New York,7,2026-06-21,518708672.0,XGBoost,18.84
New York,8,2026-06-28,528769632.0,XGBoost,18.84
North Carolina,1,2026-05-10,467807872.0,XGBoost,21.68
North Carolina,2,2026-05-17,466978400.0,XGBoost,21.68
North Carolina,3,2026-05-24,479116544.0,XGBoost,21.68
North Carolina,4,2026-05-31,508734688.0,XGBoost,21.68
North Carolina,5,2026-06-07,475062272.0,XGBoost,21.68
North Carolina,6,2026-06-14,478561696.0,XGBoost,21.68
North Carolina,7,2026-06-21,452741536.0,XGBoost,21.68
North Carolina,8,2026-06-28,440707264.0,XGBoost,21.68
Ohio,1,2026-05-10,499622592.0,XGBoost,21.4
Ohio,2,2026-05-17,500116192.0,XGBoost,21.4
Ohio,3,2026-05-24,494552448.0,XGBoost,21.4
Ohio,4,2026-05-31,507755840.0,XGBoost,21.4
Ohio,5,2026-06-07,487609376.0,XGBoost,21.4
Ohio,6,2026-06-14,477020256.0,XGBoost,21.4
Ohio,7,2026-06-21,469277760.0,XGBoost,21.4
Ohio,8,2026-06-28,478920704.0,XGBoost,21.4
Oklahoma,1,2026-05-10,182816016.0,XGBoost,18.9
Oklahoma,2,2026-05-17,187203008.0,XGBoost,18.9
Oklahoma,3,2026-05-24,187940192.0,XGBoost,18.9
Oklahoma,4,2026-05-31,202437168.0,XGBoost,18.9
Oklahoma,5,2026-06-07,211030944.0,XGBoost,18.9
Oklahoma,6,2026-06-14,214650208.0,XGBoost,18.9
Oklahoma,7,2026-06-21,209119392.0,XGBoost,18.9
Oklahoma,8,2026-06-28,196135808.0,XGBoost,18.9
Oregon,1,2026-05-10,148518336.0,XGBoost,16.13
Oregon,2,2026-05-17,164034112.0,XGBoost,16.13
Oregon,3,2026-05-24,163616144.0,XGBoost,16.13
Oregon,4,2026-05-31,164495104.0,XGBoost,16.13
Oregon,5,2026-06-07,160563072.0,XGBoost,16.13
Oregon,6,2026-06-14,156690944.0,XGBoost,16.13
Oregon,7,2026-06-21,146518368.0,XGBoost,16.13
Oregon,8,2026-06-28,149479776.0,XGBoost,16.13
Pennsylvania,1,2026-05-10,520094752.0,XGBoost,20.11
Pennsylvania,2,2026-05-17,491150656.0,XGBoost,20.11
Pennsylvania,3,2026-05-24,484214752.0,XGBoost,20.11
Pennsylvania,4,2026-05-31,485175232.0,XGBoost,20.11
Pennsylvania,5,2026-06-07,492572608.0,XGBoost,20.11
Pennsylvania,6,2026-06-14,456150944.0,XGBoost,20.11
Pennsylvania,7,2026-06-21,451172608.0,XGBoost,20.11
Pennsylvania,8,2026-06-28,441231232.0,XGBoost,20.11
Rhode Island,1,2026-05-10,31934280.0,XGBoost,19.78
Rhode Island,2,2026-05-17,32497278.0,XGBoost,19.78
Rhode Island,3,2026-05-24,32109696.0,XGBoost,19.78
Rhode Island,4,2026-05-31,35608952.0,XGBoost,19.78
Rhode Island,5,2026-06-07,34034264.0,XGBoost,19.78
Rhode Island,6,2026-06-14,31507114.0,XGBoost,19.78
Rhode Island,7,2026-06-21,31287732.0,XGBoost,19.78
Rhode Island,8,2026-06-28,31670628.0,XGBoost,19.78
South Carolina,1,2026-05-10,249726320.0,XGBoost,17.5
South Carolina,2,2026-05-17,256404048.0,XGBoost,17.5
South Carolina,3,2026-05-24,245072384.0,XGBoost,17.5
South Carolina,4,2026-05-31,256700544.0,XGBoost,17.5
South Carolina,5,2026-06-07,257667040.0,XGBoost,17.5
South Carolina,6,2026-06-14,242671520.0,XGBoost,17.5
South Carolina,7,2026-06-21,229893584.0,XGBoost,17.5
South Carolina,8,2026-06-28,231312512.0,XGBoost,17.5
South Dakota,1,2026-05-10,36895408.0,XGBoost,18.15
South Dakota,2,2026-05-17,39528676.0,XGBoost,18.15
South Dakota,3,2026-05-24,37326140.0,XGBoost,18.15
South Dakota,4,2026-05-31,42272156.0,XGBoost,18.15
South Dakota,5,2026-06-07,38733464.0,XGBoost,18.15
South Dakota,6,2026-06-14,36698436.0,XGBoost,18.15
South Dakota,7,2026-06-21,36710180.0,XGBoost,18.15
South Dakota,8,2026-06-28,35825816.0,XGBoost,18.15
Tennessee,1,2026-05-10,323299616.0,XGBoost,21.76
Tennessee,2,2026-05-17,329733408.0,XGBoost,21.76
Tennessee,3,2026-05-24,329784768.0,XGBoost,21.76
Tennessee,4,2026-05-31,379125856.0,XGBoost,21.76
Tennessee,5,2026-06-07,353411296.0,XGBoost,21.76
Tennessee,6,2026-06-14,337801344.0,XGBoost,21.76
Tennessee,7,2026-06-21,339576736.0,XGBoost,21.76
Tennessee,8,2026-06-28,329390944.0,XGBoost,21.76
Texas,1,2026-05-10,1162630528.0,XGBoost,16.76
Texas,2,2026-05-17,1244870912.0,XGBoost,16.76
Texas,3,2026-05-24,1234927360.0,XGBoost,16.76
Texas,4,2026-05-31,1294634240.0,XGBoost,16.76
Texas,5,2026-06-07,1209499904.0,XGBoost,16.76
Texas,6,2026-06-14,1103527936.0,XGBoost,16.76
Texas,7,2026-06-21,1180405376.0,XGBoost,16.76
Texas,8,2026-06-28,1119771776.0,XGBoost,16.76
Utah,1,2026-05-10,107786152.0,XGBoost,20.2
Utah,2,2026-05-17,110701240.0,XGBoost,20.2
Utah,3,2026-05-24,111489960.0,XGBoost,20.2
Utah,4,2026-05-31,110278472.0,XGBoost,20.2
Utah,5,2026-06-07,106459592.0,XGBoost,20.2
Utah,6,2026-06-14,106444360.0,XGBoost,20.2
Utah,7,2026-06-21,101873120.0,XGBoost,20.2
Utah,8,2026-06-28,104295056.0,XGBoost,20.2
Vermont,1,2026-05-10,25142206.0,XGBoost,12.8
Vermont,2,2026-05-17,24580110.0,XGBoost,12.8
Vermont,3,2026-05-24,23802322.0,XGBoost,12.8
Vermont,4,2026-05-31,27361098.0,XGBoost,12.8
Vermont,5,2026-06-07,26397538.0,XGBoost,12.8
Vermont,6,2026-06-14,24214182.0,XGBoost,12.8
Vermont,7,2026-06-21,22706454.0,XGBoost,12.8
Vermont,8,2026-06-28,23191964.0,XGBoost,12.8
Virginia,1,2026-05-10,374996576.0,XGBoost,19.34
Virginia,2,2026-05-17,412001856.0,XGBoost,19.34
Virginia,3,2026-05-24,407468096.0,XGBoost,19.34
Virginia,4,2026-05-31,434178016.0,XGBoost,19.34
Virginia,5,2026-06-07,374696576.0,XGBoost,19.34
Virginia,6,2026-06-14,386854208.0,XGBoost,19.34
Virginia,7,2026-06-21,392309184.0,XGBoost,19.34
Virginia,8,2026-06-28,379460416.0,XGBoost,19.34
Washington,1,2026-05-10,229012950.17,Prophet,17.41
Washington,2,2026-05-17,217787427.18,Prophet,17.41
Washington,3,2026-05-24,248730306.42,Prophet,17.41
Washington,4,2026-05-31,300412275.67,Prophet,17.41
Washington,5,2026-06-07,324867630.37,Prophet,17.41
Washington,6,2026-06-14,298502436.69,Prophet,17.41
Washington,7,2026-06-21,247857450.94,Prophet,17.41
Washington,8,2026-06-28,220769159.54,Prophet,17.41
West Virginia,1,2026-05-10,104397168.0,XGBoost,18.32
West Virginia,2,2026-05-17,93813496.0,XGBoost,18.32
West Virginia,3,2026-05-24,95708528.0,XGBoost,18.32
West Virginia,4,2026-05-31,99530136.0,XGBoost,18.32
West Virginia,5,2026-06-07,96887032.0,XGBoost,18.32
West Virginia,6,2026-06-14,93745464.0,XGBoost,18.32
West Virginia,7,2026-06-21,99360816.0,XGBoost,18.32
West Virginia,8,2026-06-28,96414840.0,XGBoost,18.32
Wisconsin,1,2026-05-10,216070176.0,XGBoost,18.43
Wisconsin,2,2026-05-17,224954640.0,XGBoost,18.43
Wisconsin,3,2026-05-24,229003840.0,XGBoost,18.43
Wisconsin,4,2026-05-31,222503312.0,XGBoost,18.43
Wisconsin,5,2026-06-07,207588144.0,XGBoost,18.43
Wisconsin,6,2026-06-14,199376432.0,XGBoost,18.43
Wisconsin,7,2026-06-21,196429552.0,XGBoost,18.43
Wisconsin,8,2026-06-28,208249120.0,XGBoost,18.43
Wyoming,1,2026-05-10,26915270.0,XGBoost,17.23
Wyoming,2,2026-05-17,29347940.0,XGBoost,17.23
Wyoming,3,2026-05-24,28870658.0,XGBoost,17.23
Wyoming,4,2026-05-31,32327852.0,XGBoost,17.23
Wyoming,5,2026-06-07,32216006.0,XGBoost,17.23
Wyoming,6,2026-06-14,29347170.0,XGBoost,17.23
Wyoming,7,2026-06-21,27478104.0,XGBoost,17.23
Wyoming,8,2026-06-28,28314880.0,XGBoost,17.23
